keyword,category,priority
do I have a personal injury case,Personal Injury Basics,high
what is a personal injury claim,Personal Injury Basics,high
how long do personal injury cases take,Personal Injury Basics,high
personal injury claim process step by step,Personal Injury Basics,high
what damages can I recover in personal injury,Personal Injury Basics,high
how to document injuries after accident,Personal Injury Basics,high
what to do immediately after an accident,Personal Injury Basics,high
personal injury statute of limitations by state,Personal Injury Basics,high
how personal injury settlements work,Personal Injury Basics,high
personal injury lawsuit vs settlement,Personal Injury Basics,high
what is pain and suffering in personal injury,Personal Injury Basics,high
how to prove negligence in personal injury,Personal Injury Basics,medium
personal injury claim timeline explained,Personal Injury Basics,medium
can I file a personal injury claim without a lawyer,Personal Injury Basics,medium
what is tort law personal injury,Personal Injury Basics,low
how much is my personal injury case worth,Settlement Values,high
average personal injury settlement amounts,Settlement Values,high
car accident settlement amounts by injury type,Settlement Values,high
whiplash settlement value 2026,Settlement Values,high
broken bone injury settlement average,Settlement Values,high
soft tissue injury settlement amounts,Settlement Values,high
traumatic brain injury settlement value,Settlement Values,high
back injury settlement amounts car accident,Settlement Values,high
neck injury settlement car accident,Settlement Values,high
how insurance companies calculate settlements,Settlement Values,high
personal injury multiplier method explained,Settlement Values,medium
pain and suffering calculation formula,Settlement Values,high
lost wages in personal injury settlement,Settlement Values,high
punitive damages personal injury explained,Settlement Values,medium
how to negotiate higher personal injury settlement,Settlement Values,high
factors that increase settlement value,Settlement Values,high
lowball settlement offer what to do,Settlement Values,high
what reduces personal injury settlement,Settlement Values,medium
future medical expenses settlement calculation,Settlement Values,medium
permanent disability settlement amounts,Settlement Values,high
car accident injury claim tips,Car Accidents,high
what to do after a car accident injury,Car Accidents,high
how to file car accident injury claim,Car Accidents,high
car accident injury no insurance options,Car Accidents,high
hit and run accident injury claim,Car Accidents,high
uninsured motorist claim process,Car Accidents,high
rear end accident injury settlement,Car Accidents,high
sideswipe accident injury claim,Car Accidents,high
T-bone accident injury compensation,Car Accidents,high
rideshare accident injury claim Uber Lyft,Car Accidents,high
truck accident injury settlement,Car Accidents,high
drunk driver accident injury lawsuit,Car Accidents,high
car accident whiplash claim process,Car Accidents,medium
car accident soft tissue injury claim,Car Accidents,medium
car accident pain and suffering claim,Car Accidents,high
pre-existing condition car accident claim,Car Accidents,medium
delayed injury symptoms after car accident,Car Accidents,high
car accident injury claim denied what to do,Car Accidents,high
comparative negligence car accident explained,Car Accidents,medium
car accident injury claim time limit,Car Accidents,high
slip and fall injury claim process,Slip and Fall,high
slip and fall settlement amounts,Slip and Fall,high
how to prove slip and fall case,Slip and Fall,high
property owner liability slip and fall,Slip and Fall,high
wet floor slip and fall injury,Slip and Fall,high
supermarket slip and fall lawsuit,Slip and Fall,high
parking lot slip and fall injury,Slip and Fall,high
workplace slip and fall injury claim,Slip and Fall,high
ice and snow slip and fall claim,Slip and Fall,high
slip and fall on stairs injury,Slip and Fall,high
trip and fall uneven pavement claim,Slip and Fall,medium
comparative fault slip and fall explained,Slip and Fall,medium
did I wait too long to file slip and fall,Slip and Fall,medium
photos evidence slip and fall accident,Slip and Fall,medium
notice requirement slip and fall lawsuit,Slip and Fall,medium
workers compensation claim process,Workers Compensation,high
workers comp vs personal injury lawsuit,Workers Compensation,high
can I sue employer instead of workers comp,Workers Compensation,high
workers comp settlement amounts,Workers Compensation,high
how long does workers comp case take,Workers Compensation,high
workers comp denied what to do,Workers Compensation,high
permanent disability workers comp settlement,Workers Compensation,high
return to work after injury workers comp,Workers Compensation,medium
workers comp doctor vs personal doctor,Workers Compensation,medium
independent medical exam workers comp tips,Workers Compensation,medium
repetitive stress injury workers comp claim,Workers Compensation,medium
third party workers comp claim explained,Workers Compensation,medium
how insurance companies handle injury claims,Insurance Tactics,high
insurance adjuster tactics to watch out for,Insurance Tactics,high
why insurance company denied my injury claim,Insurance Tactics,high
how to appeal denied injury insurance claim,Insurance Tactics,high
recorded statement insurance adjuster tips,Insurance Tactics,high
never say this to insurance adjuster after accident,Insurance Tactics,high
insurance company delay tactics injury claim,Insurance Tactics,high
bad faith insurance claim explained,Insurance Tactics,high
medical records release sign or not,Insurance Tactics,high
insurance company settlement too low what to do,Insurance Tactics,high
policy limits injury claim explained,Insurance Tactics,medium
subrogation personal injury claim explained,Insurance Tactics,medium
liens on personal injury settlement,Insurance Tactics,medium
Medicare Medicaid lien personal injury,Insurance Tactics,medium
health insurance personal injury claim interaction,Insurance Tactics,medium
when to hire a personal injury lawyer,Finding an Attorney,high
how to choose a personal injury lawyer,Finding an Attorney,high
personal injury lawyer contingency fee explained,Finding an Attorney,high
questions to ask personal injury attorney,Finding an Attorney,high
how much does personal injury lawyer cost,Finding an Attorney,high
personal injury attorney free consultation what to expect,Finding an Attorney,high
signs of a bad personal injury lawyer,Finding an Attorney,medium
how to fire your personal injury lawyer,Finding an Attorney,medium
personal injury lawyer red flags,Finding an Attorney,medium
do I need a lawyer for minor car accident,Finding an Attorney,medium
personal injury case without a lawyer,Finding an Attorney,medium
how to find personal injury lawyer reviews,Finding an Attorney,medium
traumatic brain injury claim guide,Serious Injuries,high
spinal cord injury settlement,Serious Injuries,high
wrongful death personal injury claim,Serious Injuries,high
catastrophic injury lawsuit process,Serious Injuries,high
amputation injury settlement amount,Serious Injuries,high
PTSD after accident personal injury claim,Serious Injuries,medium
scarring disfigurement injury settlement,Serious Injuries,medium
loss of consortium personal injury claim,Serious Injuries,low
chronic pain after accident injury claim,Serious Injuries,medium
nerve damage injury settlement amount,Serious Injuries,medium
dog bite injury claim process,Other Injury Types,high
dog bite settlement amounts,Other Injury Types,high
dog bite laws by state,Other Injury Types,medium
medical malpractice claim process,Other Injury Types,high
medical malpractice settlement amounts,Other Injury Types,high
nursing home abuse personal injury claim,Other Injury Types,high
defective product injury claim,Other Injury Types,high
pedestrian accident injury claim,Other Injury Types,high
bicycle accident injury settlement,Other Injury Types,high
motorcycle accident injury claim,Other Injury Types,high
school bus accident injury claim,Other Injury Types,medium
construction accident injury lawsuit,Other Injury Types,high
elevator accident injury claim,Other Injury Types,low
swimming pool accident injury claim,Other Injury Types,medium
amusement park injury lawsuit,Other Injury Types,low
personal injury claim evidence checklist,Evidence and Documentation,high
how to document injury for insurance claim,Evidence and Documentation,high
medical records personal injury case,Evidence and Documentation,high
witness statement personal injury claim,Evidence and Documentation,medium
accident scene photos what to take,Evidence and Documentation,high
medical bills personal injury settlement,Evidence and Documentation,high
expert witness personal injury case,Evidence and Documentation,medium
surveillance video accident claim,Evidence and Documentation,medium
police report personal injury claim,Evidence and Documentation,high
gap in medical treatment injury claim effect,Evidence and Documentation,high
independent medical examination tips,Evidence and Documentation,medium
social media injury claim mistakes,Evidence and Documentation,high
diary of injuries personal injury claim,Evidence and Documentation,medium
pre-existing injury personal injury claim,Evidence and Documentation,high
injury claim after funeral wrongful death,Evidence and Documentation,medium
how long to settle personal injury case,Case Outcomes,high
personal injury trial what to expect,Case Outcomes,medium
mediation personal injury case explained,Case Outcomes,medium
structured settlement vs lump sum injury,Case Outcomes,high
how injury settlement money is paid,Case Outcomes,medium
taxes on personal injury settlement,Case Outcomes,high
is personal injury settlement taxable,Case Outcomes,high
what happens after settlement is reached,Case Outcomes,medium
release of liability form injury settlement,Case Outcomes,medium
can I reopen personal injury case after settlement,Case Outcomes,medium
personal injury appeal process,Case Outcomes,low
class action vs individual injury lawsuit,Case Outcomes,low
bankruptcy and personal injury settlement,Case Outcomes,low
protecting settlement from creditors,Case Outcomes,medium
minor child personal injury settlement rules,Case Outcomes,medium
what are the best chicken breeds for beginners,Breeds,high
best egg laying chicken breeds for backyards,Breeds,high
best chicken breeds for cold climates,Breeds,high
best chicken breeds for hot weather,Breeds,high
best chicken breeds for small backyards,Breeds,high
best dual purpose chicken breeds explained,Breeds,medium
best friendly chicken breeds for families with kids,Breeds,high
best quiet chicken breeds for suburban yards,Breeds,high
rhode island red vs plymouth rock chickens,Breeds,medium
orpington vs australorp which is better,Breeds,medium
silkie vs polish chicken differences,Breeds,low
what is a sex link chicken explained,Breeds,medium
bantam vs standard chickens explained,Breeds,medium
best meat chicken breeds for backyard raising,Breeds,medium
best chicken breeds for free ranging,Breeds,medium
most heat tolerant chicken breeds for southern climates,Breeds,medium
rarest chicken breeds for backyard keepers,Breeds,low
best chicken breeds that lay blue eggs,Breeds,high
best chicken breeds that lay brown eggs,Breeds,medium
best broody hen breeds for hatching eggs,Breeds,medium
how to choose the right chicken breed for your climate,Breeds,high
what is a heritage chicken breed,Breeds,medium
best ornamental chicken breeds for show,Breeds,low
most cold hardy chicken breeds for northern winters,Breeds,medium
best chicken breeds for first time owners on a budget,Breeds,medium
how to build a backyard chicken coop step by step,Coops,high
how much space does each chicken need in a coop,Coops,high
how many nesting boxes do you need per chicken,Coops,high
how to ventilate a chicken coop properly,Coops,high
how to insulate a chicken coop for winter,Coops,high
how to keep a chicken coop cool in summer,Coops,high
best bedding material for a chicken coop,Coops,high
how to clean a chicken coop the right way,Coops,high
what is the deep litter method for chicken coops,Coops,medium
how to predator proof a chicken coop,Coops,high
how high should chicken roosting bars be,Coops,medium
how to build a chicken run on a budget,Coops,medium
best flooring options for a chicken coop,Coops,medium
how to keep a chicken coop from smelling,Coops,high
how to heat a chicken coop safely in winter,Coops,medium
how to add automatic doors to a chicken coop,Coops,medium
how big should a chicken coop be for six hens,Coops,high
how to set up a mobile chicken tractor,Coops,low
how to keep rats out of a chicken coop,Coops,high
best paint for the inside of a chicken coop,Coops,low
how to position a chicken coop in your yard,Coops,medium
how to build nesting boxes for chickens,Coops,medium
do chicken coops need windows,Coops,medium
how to keep a chicken coop dry and mud free,Coops,medium
how to repurpose a shed into a chicken coop,Coops,low
what do backyard chickens eat,Feeding,high
best chicken feed for laying hens,Feeding,high
how much feed does a chicken eat per day,Feeding,high
what is the difference between layer and starter feed,Feeding,high
can chickens eat kitchen scraps safely,Feeding,high
what foods are toxic to chickens,Feeding,high
how to make your own chicken feed at home,Feeding,medium
do chickens need grit and oyster shell,Feeding,high
best treats for backyard chickens,Feeding,medium
how to ferment chicken feed for better health,Feeding,low
what vegetables can chickens eat,Feeding,medium
can chickens eat bread safely,Feeding,medium
how to feed chickens in the winter,Feeding,medium
best protein sources for molting chickens,Feeding,medium
how much water do chickens need each day,Feeding,high
what to feed chickens to boost egg production,Feeding,high
how to set up an automatic chicken feeder,Feeding,medium
can chickens eat fruit and which kinds,Feeding,medium
how to grow fodder for chickens at home,Feeding,low
what is scratch grain and when to feed it,Feeding,medium
how to stop chickens from wasting feed,Feeding,medium
best calcium sources for stronger eggshells,Feeding,high
can chickens eat eggshells safely,Feeding,medium
how to keep chicken water from freezing in winter,Feeding,high
what herbs are good for chicken health,Feeding,low
when do backyard hens start laying eggs,Eggs,high
how many eggs does a chicken lay per week,Eggs,high
why have my chickens stopped laying eggs,Eggs,high
how to store fresh backyard eggs properly,Eggs,high
do you need to refrigerate fresh chicken eggs,Eggs,high
how long do fresh chicken eggs stay good,Eggs,high
why are my hens laying soft shelled eggs,Eggs,high
what does a bloody egg mean from a hen,Eggs,medium
how to clean fresh chicken eggs safely,Eggs,high
why do chickens eat their own eggs,Eggs,medium
how to stop a hen from eating eggs,Eggs,medium
what causes double yolk eggs in chickens,Eggs,low
how to candle eggs to check for freshness,Eggs,medium
why are my eggs different colors,Eggs,medium
do you need a rooster for hens to lay eggs,Eggs,high
how to encourage hens to lay in nesting boxes,Eggs,medium
how to tell if an egg is fertilized,Eggs,medium
why are my hens laying eggs without shells,Eggs,medium
how to wash farm fresh eggs the right way,Eggs,medium
how long can fresh eggs sit at room temperature,Eggs,medium
why are my chickens laying small eggs,Eggs,medium
how does daylight affect chicken egg production,Eggs,medium
how to keep hens laying through winter,Eggs,high
what is the bloom on a fresh egg,Eggs,low
how to test egg freshness with water,Eggs,medium
common chicken diseases and how to prevent them,Health,high
how to treat a chicken with a respiratory infection,Health,medium
what is bumblefoot in chickens and how to treat it,Health,medium
how to identify and treat mites in chickens,Health,high
how to deworm backyard chickens naturally,Health,medium
signs of a sick chicken to watch for,Health,high
how to treat scaly leg mites in chickens,Health,medium
what is coccidiosis in chickens and how to treat it,Health,medium
how to help an egg bound hen,Health,medium
how to treat a wounded chicken at home,Health,medium
what causes pasty butt in baby chicks,Health,medium
how to prevent frostbite on chicken combs,Health,medium
how to set up a chicken first aid kit,Health,medium
how to quarantine a sick chicken from the flock,Health,medium
what is marek disease in chickens,Health,low
how to treat lice in backyard chickens,Health,medium
how to spot and treat sour crop in chickens,Health,low
why is my chicken losing feathers,Health,high
how to help chickens through molting season,Health,high
how to trim a chickens overgrown beak,Health,low
how to clip a chickens wings safely,Health,medium
what vaccines do backyard chickens need,Health,low
how to tell if a chicken is too hot or stressed,Health,medium
how to prevent avian flu in a backyard flock,Health,medium
how often should you worm backyard chickens,Health,medium
how to raise baby chicks for beginners,Chicks,high
what temperature does a chick brooder need to be,Chicks,high
how to set up a brooder for baby chicks,Chicks,high
what to feed baby chicks in the first week,Chicks,high
when can baby chicks go outside,Chicks,high
how to tell the gender of a baby chick,Chicks,medium
how to introduce new chicks to an existing flock,Chicks,high
how long do chicks need a heat lamp,Chicks,medium
heat lamp vs brooder plate for baby chicks,Chicks,medium
how to hatch chicken eggs in an incubator,Chicks,medium
how long does it take for chicken eggs to hatch,Chicks,high
how to use a broody hen to hatch eggs,Chicks,medium
what to do if a chick is not hatching,Chicks,low
how to keep baby chicks warm without a heat lamp,Chicks,medium
when do baby chicks get their feathers,Chicks,medium
how to care for chicks in the first 24 hours,Chicks,medium
how many chicks should a beginner start with,Chicks,medium
how to transition chicks from starter to grower feed,Chicks,medium
how to keep chicks from pecking each other,Chicks,low
how to incubate eggs without an incubator,Chicks,low
how to introduce new chickens to an existing flock,Behavior,high
what is pecking order in a chicken flock,Behavior,medium
how to stop chickens from pecking each other,Behavior,high
how to stop a rooster from being aggressive,Behavior,medium
why do chickens take dust baths,Behavior,medium
how to keep chickens from flying over the fence,Behavior,medium
how to entertain chickens to prevent boredom,Behavior,low
how much does it cost to keep backyard chickens,General,high
are backyard chickens worth the cost,General,high
how to keep chickens safe from hawks and predators,General,high
how to keep chickens cool during a heat wave,General,high
how to care for chickens in winter,General,high
do you need a rooster to keep backyard hens,General,high
how to start raising backyard chickens for beginners,General,high
are backyard chickens legal in my city,General,high
